{
  "dogs": [
    {
      "id": 8,
      "name": "Tommy",
      "age": "3",
      "place": "Patna",
      "gender": "Female"
    },
    {
      "id": 10,
      "name": "Yellow",
      "age": "10",
      "place": "Bihar",
      "gender": "Female"
    },
    {
      "id": 11,
      "name": "Yellow",
      "age": 3,
      "place": "Mumbai",
      "gender": "Male"
    },
    {
      "name": "Pushi",
      "age": 4,
      "gender": "Male",
      "place": "Madhubani",
      "id": 12
    },
    {
      "name": "Cati",
      "age": 3,
      "gender": "Male",
      "place": "Madhubani",
      "id": 13
    },
    {
      "name": "my_Pussy",
      "age": "2",
      "gender": "Female",
      "place": "Bihar",
      "id": 14
    },
    {
      "name": "Pushi",
      "age": 3,
      "gender": "Female",
      "place": "Bihar",
      "id": 15
    },
    {
      "name": "Sandhya",
      "age": 3,
      "gender": "Female",
      "place": "Nagpur",
      "id": 16
    },
    {
      "name": "Black cat",
      "age": 3,
      "gender": "Female",
      "place": "Bihar",
      "id": 17
    },
    {
      "name": "Pushi",
      "age": "18",
      "gender": "Male",
      "place": "Bihar",
      "id": 18
    },
    {
      "name": "Pushi",
      "age": 26,
      "gender": "Female",
      "place": "Bihar",
      "id": 19
    }
  ]
}